{
    "FLOPs": 73.980672,
    "Params": 25.326495
}