{
    "yolox_s": 0.40454012820774643,
    "yolox_m": 0.46910379182569656,
    "yolox_x": 0.5108301734960299,
    "yolov3": 0.4769630646024369,
    "yolox_nano": 0.25773728438201526,
    "yolox_l": 0.4974786314678352,
    "yolox_tiny": 0.3280661644616102
}