{
    "yolox_s": 0.4373029144195773,
    "yolox_m": 0.5112710211462819,
    "yolox_x": 0.5542820467664423,
    "yolov3": 0.5220153067723943,
    "yolox_nano": 0.26821579581225236,
    "yolox_l": 0.5387989725146304,
    "yolox_tiny": 0.3466321983252998
}