{
    "yolox_s": 0.59260868216932,
    "yolox_m": 0.6557464241354021,
    "yolox_x": 0.69149110907053,
    "yolov3": 0.6699837108698831,
    "yolox_nano": 0.41411596856589655,
    "yolox_l": 0.6802495898346116,
    "yolox_tiny": 0.5035028668863812
}