{
    "yolox_s": 0.5738904208193631,
    "yolox_m": 0.6276629195123837,
    "yolox_x": 0.6592600300150884,
    "yolov3": 0.6323437117156526,
    "yolox_nano": 0.41974808333907915,
    "yolox_l": 0.6483760982111417,
    "yolox_tiny": 0.48448121392863597
}