{
    "yolox_s": 26.9267968,
    "yolox_m": 73.980672,
    "yolox_x": 282.45529600000003,
    "yolov3": 185.4711808,
    "yolox_nano": 1.112685184,
    "yolox_l": 156.0111104,
    "yolox_tiny": 6.488983488000001
}