{
    "yolox_s": 8.968255,
    "yolox_m": 25.326495,
    "yolox_x": 99.071455,
    "yolov3": 63.724767,
    "yolox_nano": 0.912159,
    "yolox_l": 54.208895,
    "yolox_tiny": 5.055855
}