{
    "yolox_s": 13.602860189957914,
    "yolox_m": 18.217699554925634,
    "yolox_x": 41.62719884522559,
    "yolov3": 27.510853809555854,
    "yolox_nano": 17.073152446346203,
    "yolox_l": 26.18201176245991,
    "yolox_tiny": 15.691332541410626
}