{
    "FLOPs": 2.6335744,
    "Params": 0.912159
}