{
    "FLOPs": 282.45529600000003,
    "Params": 99.071455
}