{
    "FLOPs": 156.0111104,
    "Params": 54.208895
}