{
    "FLOPs": 185.4711808,
    "Params": 63.724767
}