{
    "FLOPs": 15.3585408,
    "Params": 5.055855
}