{
    "FLOPs": 26.9267968,
    "Params": 8.968255
}